{
  "IcoMoonType": "selection",
  "icons": [
    {
      "icon": {
        "paths": [
          "M1024.458 0c61.714 0 120 16.651 174.856 49.951 54.858 33.301 99.428 81.171 133.714 143.61 32.914 62.439 49.372 135.977 49.372 220.619 0 84.639-20.572 167.196-61.714 247.675-13.714 29.138-38.4 66.601-74.058 112.389-37.028 45.788-71.314 85.332-102.856 118.633l-129.6 131.123-92.572-154.017c64.458-40.238 121.372-90.189 170.742-149.852 49.372-58.276 74.058-111.698 74.058-160.261 0-24.975-5.486-45.094-16.458-60.357-48 34.688-101.484 52.032-160.456 52.032-42.514 0-82.972-13.181-121.372-39.544-39.772-24.975-71.314-58.276-94.628-99.901-24.686-40.241-37.028-81.866-37.028-124.879 0-48.563 14.4-95.046 43.2-139.447 27.428-44.401 63.77-80.477 109.028-108.228 43.886-26.363 89.142-39.545 135.772-39.545zM285.942 0c61.716 0 120 16.65 174.858 49.951s99.428 81.171 133.714 143.61c32.914 62.439 49.372 135.977 49.372 220.619 0 59.663-7.544 113.083-22.628 160.259-15.086 48.563-41.144 99.21-78.172 151.936-35.658 49.951-69.258 91.576-100.8 124.877-31.544 34.688-86.4 92.273-164.572 172.749l-92.571-154.017c64.457-40.238 121.371-90.189 170.743-149.852 49.372-58.276 74.056-111.698 74.056-160.261 0-24.975-5.484-45.094-16.456-60.357-48 34.688-101.486 52.032-160.457 52.032-42.514 0-82.972-13.181-121.372-39.544-39.771-24.975-71.314-58.276-94.628-99.901-24.686-40.241-37.029-81.866-37.029-124.879 0-48.563 13.714-95.046 41.143-139.447s63.771-80.477 109.029-108.228c43.886-26.363 89.143-39.545 135.77-39.545z"
        ],
        "attrs": [
          {
            "fill": "rgb(225, 225, 225)"
          }
        ],
        "width": 1382,
        "isMulticolor": false,
        "isMulticolor2": false,
        "grid": 0,
        "tags": [
          "“"
        ],
        "colorPermutations": {
          "199196212111966121721721712252252251": [
            {
              "f": 3
            }
          ]
        }
      },
      "attrs": [
        {
          "fill": "rgb(225, 225, 225)"
        }
      ],
      "properties": {
        "order": 67,
        "id": 3,
        "name": "quotation-marks",
        "prevSize": 32
      },
      "setIdx": 0,
      "setId": 11,
      "iconIdx": 0
    },
    {
      "icon": {
        "paths": [
          "M1024 512c0 282.77-229.23 512-512 512s-512-229.23-512-512c0-282.77 229.23-512 512-512s512 229.23 512 512z"
        ],
        "attrs": [
          {
            "fill": "rgb(199, 19, 62)"
          }
        ],
        "isMulticolor": false,
        "isMulticolor2": false,
        "grid": 0,
        "tags": [
          "Ellipse 6"
        ],
        "colorPermutations": {
          "199196212111966121721721712252252251": [
            {
              "f": 0
            }
          ]
        }
      },
      "attrs": [
        {
          "fill": "rgb(199, 19, 62)"
        }
      ],
      "properties": {
        "order": 66,
        "id": 2,
        "name": "point",
        "prevSize": 32
      },
      "setIdx": 0,
      "setId": 11,
      "iconIdx": 1
    },
    {
      "icon": {
        "paths": [
          "M1024 512c0 282.77-229.23 512-512 512s-512-229.23-512-512c0-282.77 229.23-512 512-512s512 229.23 512 512z"
        ],
        "attrs": [
          {
            "fill": "rgb(217, 217, 217)"
          }
        ],
        "isMulticolor": false,
        "isMulticolor2": false,
        "grid": 0,
        "tags": [
          "Ellipse 7"
        ],
        "colorPermutations": {
          "199196212111966121721721712252252251": [
            {
              "f": 2
            }
          ]
        }
      },
      "attrs": [
        {
          "fill": "rgb(217, 217, 217)"
        }
      ],
      "properties": {
        "order": 65,
        "id": 1,
        "name": "nearhomepoint",
        "prevSize": 32
      },
      "setIdx": 0,
      "setId": 11,
      "iconIdx": 2
    },
    {
      "icon": {
        "paths": [
          "M1103.099 492.197c20.247-20.774 18.292-52.615-4.366-71.1l-499.246-407.483c-22.661-18.485-58.992-18.098-81.175 0.873l-500.939 428.336c-22.184 18.97-23.272 50.771-2.411 70.998l12.559 12.201c20.836 20.228 54.516 22.639 75.177 5.37l37.437-31.274v457.853c0 28.086 24.401 50.828 54.494 50.828h195.267c30.093 0 54.494-22.742 54.494-50.828v-320.313h249.066v320.313c-0.433 28.067 21.099 50.809 51.192 50.809h206.936c30.087 0 54.495-22.742 54.495-50.828v-451.388c0 0 10.342 8.452 23.096 18.91 12.735 10.438 39.48 2.069 59.727-18.726l14.196-14.551z"
        ],
        "attrs": [
          {
            "fill": "rgb(211, 19, 66)"
          }
        ],
        "width": 1117,
        "isMulticolor": false,
        "isMulticolor2": false,
        "grid": 0,
        "tags": [
          "Vector"
        ],
        "colorPermutations": {
          "199196212111966121721721712252252251": [
            {
              "f": 1
            }
          ]
        }
      },
      "attrs": [
        {
          "fill": "rgb(211, 19, 66)"
        }
      ],
      "properties": {
        "order": 64,
        "id": 0,
        "name": "home",
        "prevSize": 32
      },
      "setIdx": 0,
      "setId": 11,
      "iconIdx": 3
    },
    {
      "icon": {
        "paths": [
          "M1024 0l-1024 576 327.251 121.203 504.749-473.202-383.927 517.955 0.311 0.115-0.384-0.115v282.048l183.522-214.106 232.482 86.106 159.996-896.004z"
        ],
        "attrs": [],
        "grid": 0,
        "tags": [
          "icon send (1)"
        ]
      },
      "attrs": [],
      "properties": {
        "order": 63,
        "id": 6,
        "name": "send-icon",
        "prevSize": 32
      },
      "setIdx": 8,
      "setId": 3,
      "iconIdx": 1
    },
    {
      "icon": {
        "paths": [
          "M512 512c141.44 0 256-114.56 256-256s-114.56-256-256-256c-141.44 0-256 114.56-256 256s114.56 256 256 256zM512 640c-170.88 0-512 85.76-512 256v64c0 35.2 28.8 64 64 64h896c35.2 0 64-28.8 64-64v-64c0-170.24-341.12-256-512-256z"
        ],
        "attrs": [],
        "grid": 0,
        "tags": [
          "Vector"
        ]
      },
      "attrs": [],
      "properties": {
        "order": 59,
        "id": 2,
        "name": "icon-person",
        "prevSize": 32,
        "code": 59648
      },
      "setIdx": 8,
      "setId": 3,
      "iconIdx": 5
    }
  ],
  "height": 1024,
  "preferences": {
    "showGlyphs": true,
    "showQuickUse": true,
    "showQuickUse2": true,
    "showSVGs": true,
    "fontPref": {
      "prefix": "icon-",
      "metadata": {
        "fontFamily": "icomoon"
      },
      "metrics": {
        "emSize": 1024,
        "baseline": 6.25,
        "whitespace": 50
      },
      "embed": false
    },
    "imagePref": {
      "prefix": "icon-",
      "png": true,
      "useClassSelector": true,
      "color": 0,
      "bgColor": 16777215,
      "classSelector": ".icon",
      "name": "icomoon"
    },
    "historySize": 50,
    "showCodes": true,
    "gridSize": 16
  }
}